{"m":2,"n":2,"patrones":4,"x":[[1,1],[1,0],[0,1],[0,0]],"yd":[[1,1],[0,1],[0,1],[0,0]],"u":[-3.43202664797558,-0.8569705478042],"w":[[1.4333908117646326,1.9116361554765557],[2.828451250661903,1.236154094844089]],"numeroIteraciones":1000,"errorMaximoPermitido":0.0,"tasaAprendisaje":1.0,"estado":false}
