{"m":2,"n":2,"patrones":4,"x":[[1,1],[1,0],[0,1],[0,0]],"yd":[[1,1],[0,1],[0,1],[0,0]],"u":[-3.8176802219033603,-1.3291579212716047],"w":[[-1.5152726539115702,0.415304845772821],[-0.024761783758822098,0.822740160088705]],"numeroIteraciones":1000,"errorMaximoPermitido":0.5,"tasaAprendisaje":1.0}
