{"m":2,"n":1,"patrones":4,"x":[[1,1],[1,0],[0,1],[0,0]],"yd":[[1],[0],[0],[0]],"u":[-2.8192768411089855],"w":[[0.8737058684885504],[2.141325305546709]],"numeroIteraciones":1000,"errorMaximoPermitido":0.0,"tasaAprendisaje":1.0,"estado":false}
