{"m":2,"n":2,"patrones":4,"x":[[1,1],[1,0],[0,1],[0,0]],"yd":[[1,1],[0,1],[0,1],[0,0]],"u":[-2.528318664972069,-0.9290708665469529],"w":[[0.8556343476318942,1.4492422542752108],[1.8433921080022415,1.0536307915214995]],"numeroIteraciones":1000,"errorMaximoPermitido":0.0,"tasaAprendisaje":1.0,"estado":false}
