{"m":2,"n":1,"patrones":4,"x":[[1,1],[1,0],[0,1],[0,0]],"yd":[[1],[0],[0],[0]],"u":[-2.1074220468801594],"w":[[0.5002505051350461],[1.9597144540265083]],"numeroIteraciones":1000,"errorMaximoPermitido":0.0,"tasaAprendisaje":1.0,"estado":true}
