{"m":2,"n":2,"patrones":4,"x":[[1,1],[1,0],[0,1],[0,0]],"yd":[[1,1],[0,1],[0,1],[0,0]],"u":[-2.463798994775747,-0.4666295055670797],"w":[[0.699934708231414,0.7119391514783691],[2.078895586722922,0.9513811964900434]],"numeroIteraciones":1000,"errorMaximoPermitido":0.0,"tasaAprendisaje":1.0}
